{
    "Announcement":[
        {
          "announcementID": 1,
          "announcementTitle": "บริษัท เน็ตเซอรพลัส จำกัด รับสมัครงาน 2 ตำแหน่ง",
          "announcementDescription": "บริษัท เน็ตเซอรพลัส จำกัด เปิดรับสมัครงาน 2 ตำแหนง Application Support และ Customer Support",
          "publishDate": null,
          "closeDate": null,
          "announcementDisplay": "N",
          "categoryid": {
            "categoryID": 4,
            "categoryname": "ฝึกงาน"
          }
        },
        {
          "announcementID": 2,
          "announcementTitle": "รายชื่อนักศึกษาที่ได้รับทุนการศึกษาประเภท ทุนจ้างงาน 2/2565",
          "announcementDescription": "คณะ ฯประกาศรายชื่อนักศึกษาที่ได้รับทุนการศึกษาประเภท ทุนจ้างงาน ประจําภาคการศึกษา 2/2565",
          "publishDate": null,
          "closeDate": "2023-05-31 11:00:00",
          "announcementDisplay": "Y",
          "categoryid": {
            "categoryID": 2,
            "categoryname": "ทุนการศึกษา"
          }
        },
        {
          "announcementID": 3,
          "announcementTitle": "แนวปฎิบัติการสอบออนไลน์ พ.ศ. 2565",
          "announcementDescription": "ประกาศมหาวิทยาลัยเทคโนโลยีพระจอมเกล้าธนบุรี เรื่องแนวทางปฎิบัติการสอบออนไลน์ พ.ศ. 2565",
          "publishDate": "2023-01-26 23:00:00",
          "closeDate": null,
          "announcementDisplay": "Y",
          "categoryid": {
            "categoryID": 1,
            "categoryname": "ทั่วไป"
          }
        },
        {
          "announcementID": 4,
          "announcementTitle": "กิจกรรมพี่อ้อย พี่ฉอด On Tour 2566",
          "announcementDescription": "ขอเชิญนักศึกษาทุกชั้นปี เข้าร่วมกิจกรรมพี่อ้อย พี่ฉอด On Tour",
          "publishDate": "2023-04-18 23:00:00",
          "closeDate": "2023-05-08 11:00:00",
          "announcementDisplay": "Y",
          "categoryid": {
            "categoryID": 1,
            "categoryname": "ทั่วไป"
          }
        }
      ]
}